{
  "Block": 1,
  "Break time between trials": 0,
  "DATA": [
    "ID,Session,Block,Trial,Design,1,RT,2,RT,3,RT,4,RT,5,RT,6,RT,7,RT,8,RT,9,RT,10,RT,11,RT,12,RT,13,RT,14,RT,15,RT,16,RT",
    "8,1,1,1,pre,0,61.538002,0,0.988998,2,1.028000,1,1.488998,4,1.072006,3,1.074997,3,1.050995,3,0.856003,0,0.749008,0,0.630997,0,0.806992,0,0.917999,0,0.587997,1,0.998001,3,0.837997,4,0.669006",
    "8,1,1,1,post,1,1.764008,0,0.933014,0,0.674988,4,0.877991,4,2.651001,0,1.020996,0,0.863983,0,1.381989,0,1.117981,4,0.928009,4,0.825989,4,0.785004,4,0.838013,4,0.777985,0,0.934021,0,0.716003"
  ],
  "Gender": "male",
  "Handedness": "Left",
  "id": 8,
  "session": 1,
  "trial": 1
}