{
  "Block": 2,
  "DATA": [
    "ID,Session,Block,Trial,Design,1,RT,2,RT,3,RT,4,RT,5,RT,6,RT,7,RT,8,RT,9,RT,10,RT,11,RT,12,RT,13,RT,14,RT,15,RT,16,RT",
    "1,1,2,1,pre,-1,0.721008,-1,0.632004,-1,0.682007,-1,0.626007,-1,0.654999,-1,0.680008,-1,0.653992,-1,0.620010,-1,0.604996,-1,0.611008,-1,0.584991,-1,0.585999,-1,0.584991,-1,0.567993,-1,0.585999,-1,0.584991",
    "1,1,2,1,post,1,3.348999,4,0.966995,-1,0.518997,-1,0.540009,-1,0.559998,-1,0.522995,-1,0.504013,-1,0.564987,-1,0.567001,-1,0.518997,-1,0.483994,-1,0.524002,-1,0.503998,-1,0.524002,-1,0.544998,-1,0.499008"
  ],
  "Duration of rest between trials": 5,
  "Gender": "male",
  "handedness": "Left",
  "id": 1,
  "session": 1,
  "trial": 1
}