{
  "Block": 2,
  "Break time between trials": 10,
  "DATA": [
    "ID,Session,Block,Trial,Design,1,RT,2,RT,3,RT,4,RT,5,RT,6,RT,7,RT,8,RT,9,RT,10,RT,11,RT,12,RT,13,RT,14,RT,15,RT,16,RT",
    "2,1,1,1,pre,0,24.225998,4,1.763000,4,1.206009,0,0.945007,0,0.957001,4,1.323013,3,1.508987,3,1.292007,4,1.269989,4,1.425003,0,1.265015,0,0.962997,0,1.294998,4,1.620010,1,1.373001,4,0.996994",
    "2,1,1,1,post,1,4.062988,0,1.236023,0,0.966003,0,1.209991,4,1.287994,4,1.231995,4,1.001007,3,1.743988,4,1.303986,0,1.186005,0,1.033997,0,1.302002,0,1.553009,0,1.306976,4,1.221985,4,1.372986",
    "2,1,2,2,pre",
    "2,1,2,2,post"
  ],
  "Gender": "male",
  "Handedness": "Left",
  "id": 2,
  "session": 1,
  "trial": 2
}