{
  "Block": 2,
  "Break time between trials": 10,
  "DATA": [
    "ID,Session,Block,Trial,Design,1,RT,2,RT,3,RT,4,RT,5,RT,6,RT,7,RT,8,RT,9,RT,10,RT,11,RT,12,RT,13,RT,14,RT,15,RT,16,RT",
    "2,1,2,1,pre,-1,2.403015,-1,0.636993,-1,0.607971,-1,0.815002,0,1.445984,3,1.727997,3,1.089020,1,1.513000,0,22.708008,4,1.106018,3,1.213989,3,1.270996,4,1.654022,4,1.222992,4,1.242004,0,1.335999",
    "2,1,2,1,post,0,1.247009,0,1.122009,3,1.759979,3,1.377991,1,1.289001,1,2.742981,4,1.401001,4,0.983002,4,1.367981,3,1.865997,3,1.415985,3,1.621979,1,1.852997,1,1.477020,4,1.484985,4,1.444000",
    "2,1,2,2,pre",
    "2,1,2,2,post"
  ],
  "Gender": "male",
  "Handedness": "Left",
  "id": 2,
  "session": 1,
  "trial": 2
}