{
  "Block": 2,
  "Break time between trials": 10,
  "DATA": [
    "ID,Session,Block,Trial,Design,1,RT,2,RT,3,RT,4,RT,5,RT,6,RT,7,RT,8,RT,9,RT,10,RT,11,RT,12,RT,13,RT,14,RT,15,RT,16,RT",
    "2,1,1,2,pre,0,1.061981,4,1.996002,4,1.272003,1,1.225983,0,0.776001,0,0.869995,0,1.408997,3,1.610992,3,0.891022,3,1.141998,2,1.832001,4,2.375000,4,1.203979,4,1.365997,4,1.371979,0,0.932007",
    "2,1,1,2,post,0,1.315979,0,1.441010,4,1.407013,3,1.405975,4,1.288025,0,1.395996,0,1.441986,0,0.933990,4,1.110992,4,1.368988,4,1.117981,4,1.264984,1,1.483978,1,1.415985,0,1.490997,0,0.911987",
    "2,1,2,2,pre",
    "2,1,2,2,post"
  ],
  "Gender": "male",
  "Handedness": "Left",
  "id": 2,
  "session": 1,
  "trial": 2
}