{
  "Block": 2,
  "Break time between trials": 10,
  "DATA": [
    "ID,Session,Block,Trial,Design,1,RT,2,RT,3,RT,4,RT,5,RT,6,RT,7,RT,8,RT,9,RT,10,RT,11,RT,12,RT,13,RT,14,RT,15,RT,16,RT",
    "2,1,2,2,pre,0,1.873993,0,0.802002,0,1.601990,1,1.809021,1,1.768005,3,1.856995,3,1.765991,2,1.513977,2,2.313049,2,1.691956,1,1.350037,2,2.552979,3,2.309021,4,1.696960,4,1.877014,4,1.484009",
    "2,1,2,2,post,0,1.328003,4,1.338013,4,1.048035,4,1.539001,3,1.744995,4,1.669983,4,1.520996,4,1.330994,4,1.139954,4,1.112000,0,1.554993,0,1.102966,4,1.271973,0,1.344971,0,1.596008,4,1.059021",
    "2,1,2,2,pre",
    "2,1,2,2,post"
  ],
  "Gender": "male",
  "Handedness": "Left",
  "id": 2,
  "session": 1,
  "trial": 2
}